0|Prosacco, Reichert and Schuppe|http://google.com|4338 Fisher Spurs, San Francisco, CA 48979-1224, USA|https://maps.google.com/?cid=0|www.Prosacco.com|(803) 175-7542|"{Monday: 11:30 AM – 2:30 PM 5:30 – 9:30 PM,Tuesday: 11:30 AM – 2:30 PM 5:30 – 9:30 PM,Wednesday: 11:30 AM – 2:30 PM 5:30 – 9:30 PM,Thursday: 11:30 AM – 2:30 PM 5:30 – 9:30 PM,Friday: 11:30 AM – 9:30 PM,Saturday: 11:30 AM – 9:30 PM,Sunday: 11:30 AM – 9:30 PM}"|69.8016|-70.7179
1|Sauer - Farrell|http://google.com|038 Buckridge Pass, San Francisco, CA 39761, USA|https://maps.google.com/?cid=1|www.Sauer.com|(440) 722-1206|"{Monday: 11:30 AM – 2:30 PM 5:30 – 9:30 PM,Tuesday: 11:30 AM – 2:30 PM 5:30 – 9:30 PM,Wednesday: 11:30 AM – 2:30 PM 5:30 – 9:30 PM,Thursday: 11:30 AM – 2:30 PM 5:30 – 9:30 PM,Friday: 11:30 AM – 9:30 PM,Saturday: 11:30 AM – 9:30 PM,Sunday: 11:30 AM – 9:30 PM}"|-1.2635|126.3140
2|MacGyver Group|http://google.com|019 Jacques Drive, San Francisco, CA 88777-4310, USA|https://maps.google.com/?cid=2|www.MacGyver.com|(097) 255-2336|"{Monday: 11:30 AM – 2:30 PM 5:30 – 9:30 PM,Tuesday: 11:30 AM – 2:30 PM 5:30 – 9:30 PM,Wednesday: 11:30 AM – 2:30 PM 5:30 – 9:30 PM,Thursday: 11:30 AM – 2:30 PM 5:30 – 9:30 PM,Friday: 11:30 AM – 9:30 PM,Saturday: 11:30 AM – 9:30 PM,Sunday: 11:30 AM – 9:30 PM}"|30.4170|47.2554
3|Rogahn - Kessler|http://google.com|043 Audrey Stravenue, San Francisco, CA 26886-7396, USA|https://maps.google.com/?cid=3|www.Rogahn.com|(768) 185-4573|"{Monday: 11:30 AM – 2:30 PM 5:30 – 9:30 PM,Tuesday: 11:30 AM – 2:30 PM 5:30 – 9:30 PM,Wednesday: 11:30 AM – 2:30 PM 5:30 – 9:30 PM,Thursday: 11:30 AM – 2:30 PM 5:30 – 9:30 PM,Friday: 11:30 AM – 9:30 PM,Saturday: 11:30 AM – 9:30 PM,Sunday: 11:30 AM – 9:30 PM}"|89.9534|1.8911
4|Dicki - Blanda|http://google.com|163 Kris Freeway, San Francisco, CA 63334-5033, USA|https://maps.google.com/?cid=4|www.Dicki.com|(265) 717-0840|"{Monday: 11:30 AM – 2:30 PM 5:30 – 9:30 PM,Tuesday: 11:30 AM – 2:30 PM 5:30 – 9:30 PM,Wednesday: 11:30 AM – 2:30 PM 5:30 – 9:30 PM,Thursday: 11:30 AM – 2:30 PM 5:30 – 9:30 PM,Friday: 11:30 AM – 9:30 PM,Saturday: 11:30 AM – 9:30 PM,Sunday: 11:30 AM – 9:30 PM}"|-16.3968|-150.6525
5|Marquardt, Koss and Keeling|http://google.com|6844 Mortimer View, San Francisco, CA 18200-2052, USA|https://maps.google.com/?cid=5|www.Marquardt.com|(963) 554-4257|"{Monday: 11:30 AM – 2:30 PM 5:30 – 9:30 PM,Tuesday: 11:30 AM – 2:30 PM 5:30 – 9:30 PM,Wednesday: 11:30 AM – 2:30 PM 5:30 – 9:30 PM,Thursday: 11:30 AM – 2:30 PM 5:30 – 9:30 PM,Friday: 11:30 AM – 9:30 PM,Saturday: 11:30 AM – 9:30 PM,Sunday: 11:30 AM – 9:30 PM}"|76.1081|36.4740
6|Wyman LLC|http://google.com|96161 Cathy Ridges, San Francisco, CA 23885-9752, USA|https://maps.google.com/?cid=6|www.Wyman.com|(943) 908-9958|"{Monday: 11:30 AM – 2:30 PM 5:30 – 9:30 PM,Tuesday: 11:30 AM – 2:30 PM 5:30 – 9:30 PM,Wednesday: 11:30 AM – 2:30 PM 5:30 – 9:30 PM,Thursday: 11:30 AM – 2:30 PM 5:30 – 9:30 PM,Friday: 11:30 AM – 9:30 PM,Saturday: 11:30 AM – 9:30 PM,Sunday: 11:30 AM – 9:30 PM}"|-89.8863|-72.4352
7|Wilkinson - Nader|http://google.com|187 Sporer Mall, San Francisco, CA 45983, USA|https://maps.google.com/?cid=7|www.Wilkinson.com|(062) 625-2592|"{Monday: 11:30 AM – 2:30 PM 5:30 – 9:30 PM,Tuesday: 11:30 AM – 2:30 PM 5:30 – 9:30 PM,Wednesday: 11:30 AM – 2:30 PM 5:30 – 9:30 PM,Thursday: 11:30 AM – 2:30 PM 5:30 – 9:30 PM,Friday: 11:30 AM – 9:30 PM,Saturday: 11:30 AM – 9:30 PM,Sunday: 11:30 AM – 9:30 PM}"|65.6784|-142.4250
8|Lakin LLC|http://google.com|0876 Gonzalo Village, San Francisco, CA 10237-5438, USA|https://maps.google.com/?cid=8|www.Lakin.com|(284) 560-2225|"{Monday: 11:30 AM – 2:30 PM 5:30 – 9:30 PM,Tuesday: 11:30 AM – 2:30 PM 5:30 – 9:30 PM,Wednesday: 11:30 AM – 2:30 PM 5:30 – 9:30 PM,Thursday: 11:30 AM – 2:30 PM 5:30 – 9:30 PM,Friday: 11:30 AM – 9:30 PM,Saturday: 11:30 AM – 9:30 PM,Sunday: 11:30 AM – 9:30 PM}"|-73.6600|78.9122
9|Hickle LLC|http://google.com|7616 Corene Burg, San Francisco, CA 54343, USA|https://maps.google.com/?cid=9|www.Hickle.com|(284) 271-0431|"{Monday: 11:30 AM – 2:30 PM 5:30 – 9:30 PM,Tuesday: 11:30 AM – 2:30 PM 5:30 – 9:30 PM,Wednesday: 11:30 AM – 2:30 PM 5:30 – 9:30 PM,Thursday: 11:30 AM – 2:30 PM 5:30 – 9:30 PM,Friday: 11:30 AM – 9:30 PM,Saturday: 11:30 AM – 9:30 PM,Sunday: 11:30 AM – 9:30 PM}"|-9.2551|144.0457
10|Hahn LLC|http://google.com|4831 Marvin Station, San Francisco, CA 68040, USA|https://maps.google.com/?cid=10|www.Hahn.com|(019) 923-0847|"{Monday: 11:30 AM – 2:30 PM 5:30 – 9:30 PM,Tuesday: 11:30 AM – 2:30 PM 5:30 – 9:30 PM,Wednesday: 11:30 AM – 2:30 PM 5:30 – 9:30 PM,Thursday: 11:30 AM – 2:30 PM 5:30 – 9:30 PM,Friday: 11:30 AM – 9:30 PM,Saturday: 11:30 AM – 9:30 PM,Sunday: 11:30 AM – 9:30 PM}"|42.9674|173.5935
